{
  "xgboost": {
    "accuracy": 0.75137,
    "report": {
      "0": {
        "precision": 0.49705220696610036,
        "recall": 0.5185949577111408,
        "f1-score": 0.5075951121937694,
        "support": 24711.0
      },
      "1": {
        "precision": 1.0,
        "recall": 1.0,
        "f1-score": 1.0,
        "support": 16556.0
      },
      "2": {
        "precision": 0.5033007334963325,
        "recall": 0.4931129476584022,
        "f1-score": 0.49815475830358763,
        "support": 8349.0
      },
      "3": {
        "precision": 0.5090150864712376,
        "recall": 0.49375371802498513,
        "f1-score": 0.5012682691146274,
        "support": 8405.0
      },
      "4": {
        "precision": 1.0,
        "recall": 1.0,
        "f1-score": 1.0,
        "support": 16652.0
      },
      "5": {
        "precision": 0.8447947481460469,
        "recall": 0.8231136731551308,
        "f1-score": 0.8338132949364051,
        "support": 25327.0
      },
      "accuracy": 0.75137,
      "macro avg": {
        "precision": 0.7256937958466195,
        "recall": 0.7214292160916099,
        "f1-score": 0.723471905758065,
        "support": 100000.0
      },
      "weighted avg": {
        "precision": 0.7536710329838587,
        "recall": 0.75137,
        "f1-score": 0.7524142601725967,
        "support": 100000.0
      }
    }
  },
  "random_forest": {
    "accuracy": 0.75096,
    "report": {
      "0": {
        "precision": 0.4962101873306366,
        "recall": 0.5113107522965481,
        "f1-score": 0.5036473073703511,
        "support": 24711.0
      },
      "1": {
        "precision": 1.0,
        "recall": 1.0,
        "f1-score": 1.0,
        "support": 16556.0
      },
      "2": {
        "precision": 0.5047187617969044,
        "recall": 0.48041681638519584,
        "f1-score": 0.49226804123711343,
        "support": 8349.0
      },
      "3": {
        "precision": 0.5111909036505087,
        "recall": 0.5081499107674003,
        "f1-score": 0.5096658711217184,
        "support": 8405.0
      },
      "4": {
        "precision": 1.0,
        "recall": 1.0,
        "f1-score": 1.0,
        "support": 16652.0
      },
      "5": {
        "precision": 0.8379350301674192,
        "recall": 0.8280096339874442,
        "f1-score": 0.8329427652222267,
        "support": 25327.0
      },
      "accuracy": 0.75096,
      "macro avg": {
        "precision": 0.7250091471575781,
        "recall": 0.7213145189060981,
        "f1-score": 0.7230873308252349,
        "support": 100000.0
      },
      "weighted avg": {
        "precision": 0.7520268693560247,
        "recall": 0.75096,
        "f1-score": 0.7514325755027879,
        "support": 100000.0
      }
    }
  }
}